clientIp,Logs,Timestamp,country,region,city,org,loc,note
104.28.227.166,520,1769053067962.0,US,Florida,Deltona,"AS13335 Cloudflare, Inc.","28.9005,-81.2637",
185.153.176.207,286,1768830910084.0,BR,São Paulo,São Paulo,AS212238 Datacamp Limited,"-23.5475,-46.6361",
104.28.201.181,33,1769907780063.0,US,Florida,St. Petersburg,"AS13335 Cloudflare, Inc.","27.7709,-82.6793",
177.12.5.140,25,1769910291945.0,BR,Rio de Janeiro,Niterói,AS28665 Predlink Rede de Telecomunicções Ltda,"-22.8833,-43.1036",
104.28.195.166,23,1768920660128.0,US,Florida,Deltona,"AS13335 Cloudflare, Inc.","28.9005,-81.2637",
172.17.0.1,14,1768787295677.0,,,,,,non_public_ip
10.52.25.31,13,1768925762301.0,,,,,,non_public_ip
10.48.17.21,11,1768969239478.0,,,,,,non_public_ip
10.48.119.111,10,1768920610611.0,,,,,,non_public_ip
10.48.204.22,10,1768920593421.0,,,,,,non_public_ip
10.56.119.55,10,1768920621653.0,,,,,,non_public_ip
10.52.25.27,8,1768920148310.0,,,,,,non_public_ip
10.48.119.40,8,1768920688916.0,,,,,,non_public_ip
10.56.21.15,8,1768920689357.0,,,,,,non_public_ip
10.48.122.134,8,1768968626832.0,,,,,,non_public_ip
10.56.104.89,6,1768920613801.0,,,,,,non_public_ip
10.52.17.25,6,1768920146045.0,,,,,,non_public_ip
10.56.120.101,6,1768982481357.0,,,,,,non_public_ip
10.56.147.47,6,1768920689357.0,,,,,,non_public_ip
10.48.18.62,6,1768920352731.0,,,,,,non_public_ip
10.56.202.46,6,1768920638860.0,,,,,,non_public_ip
10.52.152.40,5,1768920142177.0,,,,,,non_public_ip
10.56.115.89,5,1769638520791.0,,,,,,non_public_ip
10.52.103.47,5,1768900825515.0,,,,,,non_public_ip
10.56.211.38,4,1769956645572.0,,,,,,non_public_ip
10.56.216.40,4,1769956645759.0,,,,,,non_public_ip
10.52.207.50,4,1768920142175.0,,,,,,non_public_ip
10.56.217.33,4,1768920622186.0,,,,,,non_public_ip
10.52.114.64,4,1768969294718.0,,,,,,non_public_ip
10.52.101.72,4,1768967457843.0,,,,,,non_public_ip
10.52.100.91,4,1768920147738.0,,,,,,non_public_ip
10.56.172.20,4,1768920592666.0,,,,,,non_public_ip
10.56.18.31,4,1769956645584.0,,,,,,non_public_ip
10.52.25.124,4,1768788874767.0,,,,,,non_public_ip
10.48.100.54,3,1769492778469.0,,,,,,non_public_ip
10.56.84.62,3,1767604640535.0,,,,,,non_public_ip
10.52.100.102,3,1768501486385.0,,,,,,non_public_ip
52.91.163.23,3,1769810276352.0,US,Virginia,Ashburn,"AS14618 Amazon.com, Inc.","39.0437,-77.4875",
35.187.132.132,3,1769069815938.0,US,Iowa,Council Bluffs,AS396982 Google LLC,"41.2619,-95.8608",
10.48.119.52,3,1768969295609.0,,,,,,non_public_ip
98.93.93.206,3,1769817619461.0,US,Virginia,Ashburn,"AS14618 Amazon.com, Inc.","39.0437,-77.4875",
54.159.76.99,3,1769810276329.0,US,Virginia,Ashburn,"AS14618 Amazon.com, Inc.","39.0437,-77.4875",
3.94.31.1,3,1769810307238.0,US,Virginia,Ashburn,"AS14618 Amazon.com, Inc.","39.0437,-77.4875",
100.53.146.94,3,1769809904515.0,US,Virginia,Ashburn,"AS14618 Amazon.com, Inc.","39.0437,-77.4875",
100.31.185.234,3,1769810275816.0,US,Virginia,Ashburn,"AS14618 Amazon.com, Inc.","39.0437,-77.4875",
13.218.62.52,3,1769854905509.0,US,Virginia,Ashburn,"AS14618 Amazon.com, Inc.","39.0437,-77.4875",
107.21.175.95,3,1769809905022.0,US,Virginia,Ashburn,"AS14618 Amazon.com, Inc.","39.0437,-77.4875",
34.201.44.179,3,1769906165630.0,US,Virginia,Ashburn,"AS14618 Amazon.com, Inc.","39.0437,-77.4875",
52.207.252.243,3,1769898503799.0,US,Virginia,Ashburn,"AS14618 Amazon.com, Inc.","39.0437,-77.4875",
176.100.243.133,3,1769072963021.0,RU,St.-Petersburg,Saint Petersburg,AS35526 Smart Technology LLC,"59.9386,30.3141",
10.56.109.57,3,1768969239465.0,,,,,,non_public_ip
13.217.136.71,3,1769809905050.0,US,Virginia,Ashburn,"AS14618 Amazon.com, Inc.","39.0437,-77.4875",
34.228.64.221,3,1769810276421.0,US,Virginia,Ashburn,"AS14618 Amazon.com, Inc.","39.0437,-77.4875",
10.56.202.39,3,1769186496250.0,,,,,,non_public_ip
44.192.47.47,3,1769812107663.0,US,Virginia,Ashburn,"AS14618 Amazon.com, Inc.","39.0437,-77.4875",
10.48.109.29,3,1769727432763.0,,,,,,non_public_ip
139.59.145.68,3,1769073486983.0,DE,Hesse,Frankfurt am Main,"AS14061 DigitalOcean, LLC","50.1155,8.6842",
54.71.187.124,3,1769069816651.0,US,Oregon,Boardman,"AS16509 Amazon.com, Inc.","45.8399,-119.7006",
54.197.36.13,3,1769809904966.0,US,Virginia,Ashburn,"AS14618 Amazon.com, Inc.","39.0437,-77.4875",
10.56.22.77,3,1769906156018.0,,,,,,non_public_ip
10.52.205.66,3,1768783843030.0,,,,,,non_public_ip
10.56.111.24,3,1768788983174.0,,,,,,non_public_ip
185.153.176.208,3,1768783911873.0,BR,São Paulo,São Paulo,AS212238 Datacamp Limited,"-23.5475,-46.6361",
10.56.14.113,2,1767604636532.0,,,,,,non_public_ip
10.52.101.53,2,1769638523651.0,,,,,,non_public_ip
10.56.21.31,2,1768553373807.0,,,,,,non_public_ip
10.48.16.60,2,1769638520477.0,,,,,,non_public_ip
10.52.120.65,2,1768496979972.0,,,,,,non_public_ip
10.48.17.10,2,1768783800038.0,,,,,,non_public_ip
10.52.25.19,2,1767512123162.0,,,,,,non_public_ip
10.48.110.50,2,1768695978714.0,,,,,,non_public_ip
10.48.109.82,2,1768496980072.0,,,,,,non_public_ip
10.48.119.46,2,1769638523677.0,,,,,,non_public_ip
10.56.111.66,2,1769956645736.0,,,,,,non_public_ip
10.56.117.62,2,1768991821739.0,,,,,,non_public_ip
10.48.101.40,2,1768968626886.0,,,,,,non_public_ip
10.52.123.71,2,1768967457586.0,,,,,,non_public_ip
10.52.109.50,2,1769727432757.0,,,,,,non_public_ip
10.56.116.30,2,1769956645745.0,,,,,,non_public_ip
10.56.25.82,2,1769737733324.0,,,,,,non_public_ip
10.48.209.69,2,1769902487186.0,,,,,,non_public_ip
10.56.120.47,2,1769284599445.0,,,,,,non_public_ip
10.56.101.70,2,1768967464515.0,,,,,,non_public_ip
10.48.16.85,2,1769727432752.0,,,,,,non_public_ip
72.153.153.47,2,1769781727761.0,US,California,San Jose,AS8075 Microsoft Corporation,"37.3394,-121.8950",
10.48.113.19,2,1768920105680.0,,,,,,non_public_ip
10.56.113.55,2,1768967464402.0,,,,,,non_public_ip
10.52.19.13,2,1768967457790.0,,,,,,non_public_ip
10.52.19.50,2,1768967457570.0,,,,,,non_public_ip
10.56.17.48,2,1768968626176.0,,,,,,non_public_ip
10.48.114.29,2,1769018255979.0,,,,,,non_public_ip
18.229.148.20,2,1768783915257.0,BR,São Paulo,São Paulo,"AS16509 Amazon.com, Inc.","-23.5475,-46.6361",
10.56.109.35,2,1768805077516.0,,,,,,non_public_ip
10.48.120.42,2,1768789778059.0,,,,,,non_public_ip
10.52.16.43,2,1768791321722.0,,,,,,non_public_ip
10.56.18.52,2,1768789149141.0,,,,,,non_public_ip
14.173.49.163,1,1767889072187.0,VN,Ca Mau,Cà Mau,AS45899 VNPT Corp,"9.1768,105.1524",
139.59.241.121,1,1767889068543.0,SG,Singapore,Singapore,"AS14061 DigitalOcean, LLC","1.3215,103.6957",
10.48.122.99,1,1767459055666.0,,,,,,non_public_ip
10.52.25.36,1,1768496853238.0,,,,,,non_public_ip
10.56.25.38,1,1768155618259.0,,,,,,non_public_ip
107.175.102.37,1,1768156696557.0,US,New York,Buffalo,"AS131199 Nexeon Technologies, Inc.","42.8865,-78.8784",
10.52.122.71,1,1767952622153.0,,,,,,non_public_ip
10.56.12.109,1,1767603672694.0,,,,,,non_public_ip
10.56.206.30,1,1767641160370.0,,,,,,non_public_ip
10.56.17.57,1,1768496979915.0,,,,,,non_public_ip
10.56.119.69,1,1768496808581.0,,,,,,non_public_ip
10.48.122.63,1,1767780852665.0,,,,,,non_public_ip
10.48.13.66,1,1767467504449.0,,,,,,non_public_ip
10.48.173.51,1,1768155568145.0,,,,,,non_public_ip
10.56.12.110,1,1767603672562.0,,,,,,non_public_ip
10.52.101.36,1,1767937363482.0,,,,,,non_public_ip
10.48.17.61,1,1768155568150.0,,,,,,non_public_ip
10.52.150.43,1,1768155618281.0,,,,,,non_public_ip
3.88.176.244,1,1768156696413.0,US,Virginia,Ashburn,"AS14618 Amazon.com, Inc.","39.0437,-77.4875",
10.52.113.90,1,1768174478392.0,,,,,,non_public_ip
10.48.110.48,1,1767512124528.0,,,,,,non_public_ip
10.56.112.44,1,1767913816769.0,,,,,,non_public_ip
74.7.229.247,1,1768307806861.0,US,Georgia,Atlanta,AS8075 Microsoft Corporation,"33.7490,-84.3880",
10.48.118.53,1,1768223208973.0,,,,,,non_public_ip
10.56.24.48,1,1768155618323.0,,,,,,non_public_ip
10.48.14.29,1,1767780835403.0,,,,,,non_public_ip
10.52.102.88,1,1767641158943.0,,,,,,non_public_ip
10.52.19.49,1,1767641149052.0,,,,,,non_public_ip
10.56.121.37,1,1768496850425.0,,,,,,non_public_ip
10.52.121.43,1,1768548783374.0,,,,,,non_public_ip
137.184.207.189,1,1767995415697.0,US,New Jersey,North Bergen,"AS14061 DigitalOcean, LLC","40.8043,-74.0121",
10.52.122.97,1,1768155618328.0,,,,,,non_public_ip
10.56.109.74,1,1767512123303.0,,,,,,non_public_ip
54.179.58.4,1,1767889065680.0,SG,Singapore,Singapore,"AS16509 Amazon.com, Inc.","1.2897,103.8501",
18.208.247.236,1,1768307806692.0,US,Virginia,Ashburn,"AS14618 Amazon.com, Inc.","39.0437,-77.4875",
52.221.213.195,1,1767889071488.0,SG,Singapore,Singapore,"AS16509 Amazon.com, Inc.","1.2897,103.8501",
10.56.84.64,1,1767604636786.0,,,,,,non_public_ip
10.56.101.62,1,1767641168698.0,,,,,,non_public_ip
10.48.25.52,1,1767399641493.0,,,,,,non_public_ip
10.48.121.31,1,1767780850390.0,,,,,,non_public_ip
10.48.120.23,1,1767780853347.0,,,,,,non_public_ip
10.52.102.35,1,1768209659025.0,,,,,,non_public_ip
10.52.18.100,1,1767565741867.0,,,,,,non_public_ip
10.48.216.63,1,1768155568023.0,,,,,,non_public_ip
10.56.113.37,1,1768450293461.0,,,,,,non_public_ip
10.48.17.80,1,1768496979894.0,,,,,,non_public_ip
188.166.191.66,1,1767544662086.0,SG,Singapore,Singapore,"AS14061 DigitalOcean, LLC","1.3215,103.6957",
10.52.164.22,1,1768970043095.0,,,,,,non_public_ip
13.229.60.102,1,1769412615642.0,SG,Singapore,Singapore,"AS16509 Amazon.com, Inc.","1.2897,103.8501",
18.193.70.137,1,1769059537912.0,DE,Hesse,Frankfurt am Main,"AS16509 Amazon.com, Inc.","50.1155,8.6842",
34.116.132.186,1,1769059444483.0,PL,Mazovia,Warsaw,AS396982 Google LLC,"52.2298,21.0118",
10.52.119.105,1,1769959539375.0,,,,,,non_public_ip
10.48.112.98,1,1769487353972.0,,,,,,non_public_ip
10.56.112.35,1,1769141021823.0,,,,,,non_public_ip
188.241.80.54,1,1769073744405.0,SG,Singapore,Singapore,AS9009 M247 Europe SRL,"1.2897,103.8501",
10.56.203.43,1,1769343789673.0,,,,,,non_public_ip
10.56.111.64,1,1769054318905.0,,,,,,non_public_ip
3.68.84.84,1,1769545443915.0,DE,Hesse,Frankfurt am Main,"AS16509 Amazon.com, Inc.","50.1155,8.6842",
199.84.220.153,1,1769073837290.0,US,Texas,Dallas,AS9009 M247 Europe SRL,"32.7831,-96.8067",
18.221.250.54,1,1769069816070.0,US,Ohio,Columbus,"AS16509 Amazon.com, Inc.","39.9612,-82.9988",
10.48.118.87,1,1769727432238.0,,,,,,non_public_ip
10.56.117.51,1,1769718884552.0,,,,,,non_public_ip
10.56.25.40,1,1769284599370.0,,,,,,non_public_ip
3.148.233.175,1,1769069814903.0,US,Ohio,Columbus,"AS16509 Amazon.com, Inc.","39.9612,-82.9988",
50.19.152.150,1,1768970649205.0,US,Virginia,Ashburn,"AS14618 Amazon.com, Inc.","39.0437,-77.4875",
192.159.99.38,1,1769056204171.0,US,New York,New York City,AS210558 1337 Services GmbH,"40.7143,-74.0060",
10.52.103.95,1,1769186494550.0,,,,,,non_public_ip
3.129.60.246,1,1769055704644.0,US,Ohio,Columbus,"AS16509 Amazon.com, Inc.","39.9612,-82.9988",
205.169.39.5,1,1769076636526.0,US,Texas,Dallas,"AS3356 Level 3 Parent, LLC","32.7831,-96.8067",
18.197.107.253,1,1769455300898.0,DE,Hesse,Frankfurt am Main,"AS16509 Amazon.com, Inc.","50.1155,8.6842",
10.52.22.78,1,1769186494613.0,,,,,,non_public_ip
34.136.100.52,1,1769069821177.0,US,Iowa,Council Bluffs,AS396982 Google LLC,"41.2619,-95.8608",
10.56.101.50,1,1769956645533.0,,,,,,non_public_ip
10.52.109.59,1,1769186496332.0,,,,,,non_public_ip
10.52.113.47,1,1769565935033.0,,,,,,non_public_ip
10.56.216.25,1,1769186494761.0,,,,,,non_public_ip
100.31.102.205,1,1769912536916.0,US,Virginia,Ashburn,"AS14618 Amazon.com, Inc.","39.0437,-77.4875",
10.56.121.70,1,1769694488204.0,,,,,,non_public_ip
10.52.23.20,1,1769694451238.0,,,,,,non_public_ip
10.52.14.81,1,1769048694129.0,,,,,,non_public_ip
148.113.128.166,1,1769340065861.0,CA,Quebec,Beauharnois,AS16276 OVH SAS,"45.3134,-73.8725",
10.52.113.56,1,1769960064474.0,,,,,,non_public_ip
103.115.187.72,1,1769073833146.0,US,Massachusetts,Boston,"AS7015 Comcast Cable Communications, LLC","42.3584,-71.0598",
18.218.149.170,1,1769055704717.0,US,Ohio,Columbus,"AS16509 Amazon.com, Inc.","39.9612,-82.9988",
103.115.186.99,1,1769059738517.0,US,Massachusetts,Boston,AS6079 RCN,"42.3584,-71.0598",
35.172.186.167,1,1769906146194.0,US,Virginia,Ashburn,"AS14618 Amazon.com, Inc.","39.0437,-77.4875",
10.56.110.70,1,1769648882308.0,,,,,,non_public_ip
18.191.144.214,1,1769069815876.0,US,Ohio,Columbus,"AS16509 Amazon.com, Inc.","39.9612,-82.9988",
10.52.223.77,1,1769779696333.0,,,,,,non_public_ip
10.56.112.19,1,1769648880736.0,,,,,,non_public_ip
10.56.21.27,1,1769284598493.0,,,,,,non_public_ip
10.52.120.39,1,1769284599535.0,,,,,,non_public_ip
101.47.133.182,1,1769487188772.0,SG,Singapore,Singapore,AS150436 Byteplus Pte. Ltd.,"1.2897,103.8501",
82.22.83.55,1,1769059755858.0,US,California,San Jose,AS11404 Wave Broadband,"37.3394,-121.8950",
35.183.126.246,1,1769340065654.0,CA,Quebec,Montréal,"AS16509 Amazon.com, Inc.","45.5088,-73.5878",
34.71.214.216,1,1769070038570.0,US,Iowa,Council Bluffs,AS396982 Google LLC,"41.2619,-95.8608",
10.52.119.110,1,1769695231468.0,,,,,,non_public_ip
10.56.117.31,1,1769906060702.0,,,,,,non_public_ip
10.48.122.56,1,1769718884541.0,,,,,,non_public_ip
10.56.102.69,1,1769779696383.0,,,,,,non_public_ip
66.249.75.130,1,1768904558782.0,US,Nebraska,Omaha,AS15169 Google LLC,"41.2563,-95.9404",
10.48.125.115,1,1769186494551.0,,,,,,non_public_ip
10.52.113.85,1,1769638520839.0,,,,,,non_public_ip
10.52.222.86,1,1769694452103.0,,,,,,non_public_ip
10.56.119.71,1,1769539699687.0,,,,,,non_public_ip
34.118.87.2,1,1769073522583.0,PL,Mazovia,Warsaw,AS396982 Google LLC,"52.2298,21.0118",
149.88.26.217,1,1769073744059.0,IL,Tel Aviv,Tel Aviv,AS212238 Datacamp Limited,"32.0809,34.7806",
3.128.200.246,1,1769510839445.0,US,Ohio,Columbus,"AS16509 Amazon.com, Inc.","39.9612,-82.9988",
10.48.122.68,1,1769718884669.0,,,,,,non_public_ip
18.191.123.113,1,1769079506446.0,US,Ohio,Columbus,"AS16509 Amazon.com, Inc.","39.9612,-82.9988",
13.52.247.58,1,1769689168375.0,US,California,San Jose,"AS16509 Amazon.com, Inc.","37.3394,-121.8950",
205.169.39.54,1,1769059457218.0,US,Texas,Dallas,"AS3356 Level 3 Parent, LLC","32.7831,-96.8067",
205.169.39.51,1,1769066034368.0,US,Texas,Dallas,"AS3356 Level 3 Parent, LLC","32.7831,-96.8067",
205.169.39.50,1,1769066034354.0,US,Texas,Dallas,"AS3356 Level 3 Parent, LLC","32.7831,-96.8067",
10.52.177.44,1,1769779696333.0,,,,,,non_public_ip
10.48.111.68,1,1769349169939.0,,,,,,non_public_ip
101.47.162.117,1,1769497754293.0,SG,Singapore,Singapore,AS150436 Byteplus Pte. Ltd.,"1.2897,103.8501",
10.52.19.86,1,1769186494565.0,,,,,,non_public_ip
10.48.22.58,1,1769727428689.0,,,,,,non_public_ip
205.169.39.219,1,1769073586151.0,US,Texas,Dallas,"AS3356 Level 3 Parent, LLC","32.7831,-96.8067",
69.160.160.52,1,1769689168495.0,US,Arizona,Tucson,"AS22772 Login, Inc.","32.4142,-110.9466",
10.48.109.46,1,1769598984466.0,,,,,,non_public_ip
51.21.134.53,1,1769085700996.0,SE,Stockholm,Stockholm,"AS16509 Amazon.com, Inc.","59.3294,18.0687",
10.48.118.27,1,1769769463602.0,,,,,,non_public_ip
10.48.111.75,1,1769141019265.0,,,,,,non_public_ip
10.52.24.101,1,1768840282426.0,,,,,,non_public_ip
10.48.124.30,1,1769638523638.0,,,,,,non_public_ip
10.56.24.28,1,1769284598356.0,,,,,,non_public_ip
10.52.102.15,1,1769284598490.0,,,,,,non_public_ip
101.47.138.147,1,1769490688041.0,SG,Singapore,Singapore,AS150436 Byteplus Pte. Ltd.,"1.2897,103.8501",
34.174.192.151,1,1769055715098.0,US,Texas,Dallas,AS396982 Google LLC,"32.7831,-96.8067",
10.56.109.31,1,1769186496280.0,,,,,,non_public_ip
10.52.122.49,1,1769727429995.0,,,,,,non_public_ip
205.169.39.13,1,1769066045404.0,US,Texas,Dallas,"AS3356 Level 3 Parent, LLC","32.7831,-96.8067",
10.56.118.77,1,1769727428412.0,,,,,,non_public_ip
3.16.137.65,1,1769069814949.0,US,Ohio,Columbus,"AS16509 Amazon.com, Inc.","39.9612,-82.9988",
10.56.224.41,1,1769727428379.0,,,,,,non_public_ip
101.47.165.57,1,1769502479036.0,SG,Singapore,Singapore,AS150436 Byteplus Pte. Ltd.,"1.2897,103.8501",
10.56.207.51,1,1769241715024.0,,,,,,non_public_ip
10.56.102.75,1,1768830928726.0,,,,,,non_public_ip
35.89.175.174,1,1769248351868.0,US,Oregon,Boardman,"AS16509 Amazon.com, Inc.","45.8399,-119.7006",
10.48.119.31,1,1769810416624.0,,,,,,non_public_ip
10.48.120.21,1,1769810416584.0,,,,,,non_public_ip
10.48.222.96,1,1769049043284.0,,,,,,non_public_ip
54.160.189.82,1,1769049020865.0,US,Virginia,Ashburn,"AS14618 Amazon.com, Inc.","39.0437,-77.4875",
10.56.119.59,1,1769120344516.0,,,,,,non_public_ip
10.56.105.57,1,1768783843115.0,,,,,,non_public_ip
100.26.143.73,1,1768783831391.0,US,Virginia,Ashburn,"AS14618 Amazon.com, Inc.","39.0437,-77.4875",
10.56.157.35,1,1768677135678.0,,,,,,non_public_ip
10.52.177.42,1,1768664311340.0,,,,,,non_public_ip
10.56.177.33,1,1768664634063.0,,,,,,non_public_ip
10.48.210.63,1,1768783805630.0,,,,,,non_public_ip
10.52.168.37,1,1768783849985.0,,,,,,non_public_ip
18.230.5.215,1,1768783863318.0,BR,São Paulo,São Paulo,"AS16509 Amazon.com, Inc.","-23.5475,-46.6361",
142.190.75.106,1,1768783831556.0,US,Florida,Saint Pete Beach,AS13760 Uniti Fiber Holdings Inc.,"27.7253,-82.7412",
10.52.222.73,1,1768797004181.0,,,,,,non_public_ip
10.52.18.88,1,1768783842084.0,,,,,,non_public_ip
